cve_id,cvss,epss,kev,exposure,asset_criticality,reference_priority,source_timestamp,label_source
CVE-2024-10001,7.1,0.96,1,0.9,0.66,1,2026-10-09,Expert Rubric (Tier 1)
CVE-2024-10002,7.9,0.713,1,0.86,0.91,2,2026-10-09,Expert Rubric (Tier 1)
CVE-2024-10003,7.6,0.618,1,0.99,0.86,3,2026-10-09,Expert Rubric (Tier 1)
CVE-2024-10004,9.1,0.734,1,0.87,0.83,4,2026-10-09,Expert Rubric (Tier 1)
CVE-2024-10005,9.7,0.92,1,0.83,0.85,5,2026-10-09,Expert Rubric (Tier 1)
CVE-2024-10006,8.9,0.974,1,0.91,0.8,6,2026-10-09,Expert Rubric (Tier 1)
CVE-2024-10007,8.7,0.676,1,0.72,0.56,7,2026-10-09,Expert Rubric (Tier 1)
CVE-2024-10008,8.8,0.795,1,0.86,0.6,8,2026-10-09,Expert Rubric (Tier 1)
CVE-2024-10009,8.0,0.903,1,0.79,0.78,9,2026-10-09,Expert Rubric (Tier 1)
CVE-2024-10010,9.9,0.83,1,0.8,0.71,10,2026-10-09,Expert Rubric (Tier 1)
CVE-2023-20011,7.9,0.474,1,0.78,0.62,11,2026-10-09,Expert Rubric (Tier 2)
CVE-2023-20012,8.0,0.851,0,0.5,0.6,12,2026-10-09,Expert Rubric (Tier 2)
CVE-2023-20013,7.3,0.928,0,0.51,0.58,13,2026-10-09,Expert Rubric (Tier 2)
CVE-2023-20014,9.8,0.131,1,0.63,0.41,14,2026-10-09,Expert Rubric (Tier 2)
CVE-2023-20015,7.0,0.917,0,0.55,0.75,15,2026-10-09,Expert Rubric (Tier 2)
CVE-2023-20016,7.9,0.342,1,0.46,0.69,16,2026-10-09,Expert Rubric (Tier 2)
CVE-2023-20017,8.9,0.492,1,0.63,0.49,17,2026-10-09,Expert Rubric (Tier 2)
CVE-2023-20018,7.7,0.317,1,0.69,0.73,18,2026-10-09,Expert Rubric (Tier 2)
CVE-2023-20019,9.1,0.32,1,0.68,0.53,19,2026-10-09,Expert Rubric (Tier 2)
CVE-2023-20020,8.3,0.364,1,0.44,0.57,20,2026-10-09,Expert Rubric (Tier 2)
CVE-2022-30021,4.9,0.085,0,0.68,0.44,21,2026-10-09,Expert Rubric (Tier 3)
CVE-2022-30022,4.0,0.014,0,0.83,0.48,22,2026-10-09,Expert Rubric (Tier 3)
CVE-2022-30023,5.1,0.019,0,0.61,0.43,23,2026-10-09,Expert Rubric (Tier 3)
CVE-2022-30024,4.9,0.09,0,0.85,0.38,24,2026-10-09,Expert Rubric (Tier 3)
CVE-2022-30025,6.3,0.035,0,0.57,0.41,25,2026-10-09,Expert Rubric (Tier 3)
CVE-2022-30026,4.2,0.088,0,0.57,0.18,26,2026-10-09,Expert Rubric (Tier 3)
CVE-2022-30027,6.8,0.021,0,0.93,0.48,27,2026-10-09,Expert Rubric (Tier 3)
CVE-2022-30028,4.7,0.091,0,0.95,0.13,28,2026-10-09,Expert Rubric (Tier 3)
CVE-2022-30029,5.1,0.053,0,0.66,0.36,29,2026-10-09,Expert Rubric (Tier 3)
CVE-2022-30030,4.7,0.092,0,0.58,0.14,30,2026-10-09,Expert Rubric (Tier 3)
CVE-2021-40031,2.5,0.007,0,0.12,0.09,31,2026-10-09,Expert Rubric (Tier 4)
CVE-2021-40032,2.1,0.009,0,0.03,0.06,32,2026-10-09,Expert Rubric (Tier 4)
CVE-2021-40033,3.2,0.003,0,0.08,0.06,33,2026-10-09,Expert Rubric (Tier 4)
CVE-2021-40034,1.6,0.006,0,0.01,0.28,34,2026-10-09,Expert Rubric (Tier 4)
CVE-2021-40035,2.0,0.007,0,0.23,0.01,35,2026-10-09,Expert Rubric (Tier 4)
CVE-2021-40036,3.0,0.005,0,0.17,0.06,36,2026-10-09,Expert Rubric (Tier 4)
CVE-2021-40037,1.9,0.007,0,0.1,0.07,37,2026-10-09,Expert Rubric (Tier 4)
CVE-2021-40038,3.4,0.009,0,0.3,0.08,38,2026-10-09,Expert Rubric (Tier 4)
CVE-2021-40039,2.7,0.009,0,0.17,0.23,39,2026-10-09,Expert Rubric (Tier 4)
CVE-2021-40040,1.4,0.006,0,0.38,0.15,40,2026-10-09,Expert Rubric (Tier 4)
